<?xml version="1.0" encoding="UTF-8"?>
<metadata modelVersion="1.1.0">
  <groupId>com.shsnc</groupId>
  <artifactId>base-mvn-parent</artifactId>
  <version>2.0.0-SNAPSHOT</version>
  <versioning>
    <snapshot>
      <timestamp>20180730.093315</timestamp>
      <buildNumber>18</buildNumber>
    </snapshot>
    <lastUpdated>20180730093315</lastUpdated>
    <snapshotVersions>
      <snapshotVersion>
        <extension>pom</extension>
        <value>2.0.0-20180730.093315-18</value>
        <updated>20180730093315</updated>
      </snapshotVersion>
    </snapshotVersions>
  </versioning>
</metadata>
