<?xml version="1.0" encoding="UTF-8"?>
<metadata modelVersion="1.1.0">
  <groupId>com.shsnc</groupId>
  <artifactId>base-api-core</artifactId>
  <version>5.0.0-SNAPSHOT</version>
  <versioning>
    <snapshot>
      <timestamp>20210224.093758</timestamp>
      <buildNumber>20</buildNumber>
    </snapshot>
    <lastUpdated>20210224093758</lastUpdated>
    <snapshotVersions>
      <snapshotVersion>
        <extension>jar</extension>
        <value>5.0.0-20210224.093758-20</value>
        <updated>20210224093758</updated>
      </snapshotVersion>
      <snapshotVersion>
        <extension>pom</extension>
        <value>5.0.0-20210224.093758-20</value>
        <updated>20210224093758</updated>
      </snapshotVersion>
      <snapshotVersion>
        <classifier>sources</classifier>
        <extension>jar</extension>
        <value>5.0.0-20210224.093758-20</value>
        <updated>20210224093758</updated>
      </snapshotVersion>
    </snapshotVersions>
  </versioning>
</metadata>
