<?xml version="1.0" encoding="UTF-8"?>
<metadata modelVersion="1.1.0">
  <groupId>com.shsnc</groupId>
  <artifactId>base-api-core</artifactId>
  <version>4.0.5-SNAPSHOT</version>
  <versioning>
    <snapshot>
      <timestamp>20210224.093957</timestamp>
      <buildNumber>92</buildNumber>
    </snapshot>
    <lastUpdated>20210224093957</lastUpdated>
    <snapshotVersions>
      <snapshotVersion>
        <extension>jar</extension>
        <value>4.0.5-20210224.093957-92</value>
        <updated>20210224093957</updated>
      </snapshotVersion>
      <snapshotVersion>
        <extension>pom</extension>
        <value>4.0.5-20210224.093957-92</value>
        <updated>20210224093957</updated>
      </snapshotVersion>
      <snapshotVersion>
        <classifier>sources</classifier>
        <extension>jar</extension>
        <value>4.0.5-20210224.093957-92</value>
        <updated>20210224093957</updated>
      </snapshotVersion>
    </snapshotVersions>
  </versioning>
</metadata>
