<?xml version="1.0" encoding="UTF-8"?>
<metadata modelVersion="1.1.0">
  <groupId>com.shsnc</groupId>
  <artifactId>base-mvn-parent</artifactId>
  <version>3.0.0-SNAPSHOT</version>
  <versioning>
    <snapshot>
      <timestamp>20210122.080026</timestamp>
      <buildNumber>42</buildNumber>
    </snapshot>
    <lastUpdated>20210122080026</lastUpdated>
    <snapshotVersions>
      <snapshotVersion>
        <extension>pom</extension>
        <value>3.0.0-20210122.080026-42</value>
        <updated>20210122080026</updated>
      </snapshotVersion>
    </snapshotVersions>
  </versioning>
</metadata>
