<?xml version="1.0" encoding="UTF-8"?>
<metadata modelVersion="1.1.0">
  <groupId>com.shsnc</groupId>
  <artifactId>base-mvn-parent</artifactId>
  <version>5.0.0-SNAPSHOT</version>
  <versioning>
    <snapshot>
      <timestamp>20210225.080837</timestamp>
      <buildNumber>8</buildNumber>
    </snapshot>
    <lastUpdated>20210225080837</lastUpdated>
    <snapshotVersions>
      <snapshotVersion>
        <extension>pom</extension>
        <value>5.0.0-20210225.080837-8</value>
        <updated>20210225080837</updated>
      </snapshotVersion>
    </snapshotVersions>
  </versioning>
</metadata>
