<?xml version="1.0" encoding="UTF-8"?>
<metadata modelVersion="1.1.0">
  <groupId>com.shsnc</groupId>
  <artifactId>base-api-core</artifactId>
  <version>3.0.0-SNAPSHOT</version>
  <versioning>
    <snapshot>
      <localCopy>true</localCopy>
    </snapshot>
    <lastUpdated>20200712074728</lastUpdated>
    <snapshotVersions>
      <snapshotVersion>
        <classifier>sources</classifier>
        <extension>jar</extension>
        <value>3.0.0-SNAPSHOT</value>
        <updated>20200712074728</updated>
      </snapshotVersion>
      <snapshotVersion>
        <extension>jar</extension>
        <value>3.0.0-SNAPSHOT</value>
        <updated>20200712074728</updated>
      </snapshotVersion>
      <snapshotVersion>
        <extension>pom</extension>
        <value>3.0.0-SNAPSHOT</value>
        <updated>20200712074728</updated>
      </snapshotVersion>
    </snapshotVersions>
  </versioning>
</metadata>
