<?xml version="1.0" encoding="UTF-8"?>
<metadata modelVersion="1.1.0">
  <groupId>com.shsnc</groupId>
  <artifactId>base-api-core</artifactId>
  <version>3.0.0-SNAPSHOT</version>
  <versioning>
    <snapshot>
      <timestamp>20200712.074731</timestamp>
      <buildNumber>70</buildNumber>
    </snapshot>
    <lastUpdated>20200712074731</lastUpdated>
    <snapshotVersions>
      <snapshotVersion>
        <extension>jar</extension>
        <value>3.0.0-20200712.074731-70</value>
        <updated>20200712074731</updated>
      </snapshotVersion>
      <snapshotVersion>
        <extension>pom</extension>
        <value>3.0.0-20200712.074731-70</value>
        <updated>20200712074731</updated>
      </snapshotVersion>
      <snapshotVersion>
        <classifier>sources</classifier>
        <extension>jar</extension>
        <value>3.0.0-20200712.074731-70</value>
        <updated>20200712074731</updated>
      </snapshotVersion>
    </snapshotVersions>
  </versioning>
</metadata>
