<?xml version="1.0" encoding="UTF-8"?>
<metadata modelVersion="1.1.0">
  <groupId>com.shsnc</groupId>
  <artifactId>base-api-core</artifactId>
  <version>3.0.0-SNAPSHOT</version>
  <versioning>
    <snapshot>
      <timestamp>20201210.025458</timestamp>
      <buildNumber>74</buildNumber>
    </snapshot>
    <lastUpdated>20201210025458</lastUpdated>
    <snapshotVersions>
      <snapshotVersion>
        <extension>jar</extension>
        <value>3.0.0-20201210.025458-74</value>
        <updated>20201210025458</updated>
      </snapshotVersion>
      <snapshotVersion>
        <extension>pom</extension>
        <value>3.0.0-20201210.025458-74</value>
        <updated>20201210025458</updated>
      </snapshotVersion>
      <snapshotVersion>
        <classifier>sources</classifier>
        <extension>jar</extension>
        <value>3.0.0-20201210.025458-74</value>
        <updated>20201210025458</updated>
      </snapshotVersion>
    </snapshotVersions>
  </versioning>
</metadata>
