<?xml version="1.0" encoding="UTF-8"?>
<metadata modelVersion="1.1.0">
  <groupId>com.shsnc</groupId>
  <artifactId>base-api-core</artifactId>
  <version>4.1.0-SNAPSHOT</version>
  <versioning>
    <snapshot>
      <timestamp>20201224.160959</timestamp>
      <buildNumber>3</buildNumber>
    </snapshot>
    <lastUpdated>20201224160959</lastUpdated>
    <snapshotVersions>
      <snapshotVersion>
        <extension>jar</extension>
        <value>4.1.0-20201224.160959-3</value>
        <updated>20201224160959</updated>
      </snapshotVersion>
      <snapshotVersion>
        <extension>pom</extension>
        <value>4.1.0-20201224.160959-3</value>
        <updated>20201224160959</updated>
      </snapshotVersion>
      <snapshotVersion>
        <classifier>sources</classifier>
        <extension>jar</extension>
        <value>4.1.0-20201224.160959-3</value>
        <updated>20201224160959</updated>
      </snapshotVersion>
    </snapshotVersions>
  </versioning>
</metadata>
