<?xml version="1.0" encoding="UTF-8"?>
<metadata modelVersion="1.1.0">
  <groupId>com.shsnc</groupId>
  <artifactId>base-api-core</artifactId>
  <version>4.0.0-SNAPSHOT</version>
  <versioning>
    <snapshot>
      <timestamp>20210125.102856</timestamp>
      <buildNumber>17</buildNumber>
    </snapshot>
    <lastUpdated>20210125102856</lastUpdated>
    <snapshotVersions>
      <snapshotVersion>
        <extension>jar</extension>
        <value>4.0.0-20210125.102856-17</value>
        <updated>20210125102856</updated>
      </snapshotVersion>
      <snapshotVersion>
        <extension>pom</extension>
        <value>4.0.0-20210125.102856-17</value>
        <updated>20210125102856</updated>
      </snapshotVersion>
      <snapshotVersion>
        <classifier>sources</classifier>
        <extension>jar</extension>
        <value>4.0.0-20210125.102856-17</value>
        <updated>20210125102856</updated>
      </snapshotVersion>
    </snapshotVersions>
  </versioning>
</metadata>
