<?xml version="1.0" encoding="UTF-8"?>
<metadata modelVersion="1.1.0">
  <groupId>com.shsnc</groupId>
  <artifactId>base-api-core</artifactId>
  <version>3.0.1-SNAPSHOT</version>
  <versioning>
    <snapshot>
      <timestamp>20200924.080142</timestamp>
      <buildNumber>9</buildNumber>
    </snapshot>
    <lastUpdated>20200924080142</lastUpdated>
    <snapshotVersions>
      <snapshotVersion>
        <extension>jar</extension>
        <value>3.0.1-20200924.080142-9</value>
        <updated>20200924080142</updated>
      </snapshotVersion>
      <snapshotVersion>
        <extension>pom</extension>
        <value>3.0.1-20200924.080142-9</value>
        <updated>20200924080142</updated>
      </snapshotVersion>
      <snapshotVersion>
        <classifier>sources</classifier>
        <extension>jar</extension>
        <value>3.0.1-20200924.080142-9</value>
        <updated>20200924080142</updated>
      </snapshotVersion>
    </snapshotVersions>
  </versioning>
</metadata>
