<?xml version="1.0" encoding="UTF-8"?>
<metadata modelVersion="1.1.0">
  <groupId>com.shsnc</groupId>
  <artifactId>base-api-core</artifactId>
  <version>2.0.0-SNAPSHOT</version>
  <versioning>
    <snapshot>
      <timestamp>20180329.032532</timestamp>
      <buildNumber>24</buildNumber>
    </snapshot>
    <lastUpdated>20180329032532</lastUpdated>
    <snapshotVersions>
      <snapshotVersion>
        <extension>jar</extension>
        <value>2.0.0-20180329.032532-24</value>
        <updated>20180329032532</updated>
      </snapshotVersion>
      <snapshotVersion>
        <extension>pom</extension>
        <value>2.0.0-20180329.032532-24</value>
        <updated>20180329032532</updated>
      </snapshotVersion>
      <snapshotVersion>
        <classifier>sources</classifier>
        <extension>jar</extension>
        <value>2.0.0-20180329.032532-24</value>
        <updated>20180329032532</updated>
      </snapshotVersion>
    </snapshotVersions>
  </versioning>
</metadata>
