<?xml version="1.0" encoding="UTF-8"?>
<metadata modelVersion="1.1.0">
  <groupId>com.shsnc</groupId>
  <artifactId>base-api-core</artifactId>
  <version>2.0.1-SNAPSHOT</version>
  <versioning>
    <snapshot>
      <timestamp>20180605.095646</timestamp>
      <buildNumber>32</buildNumber>
    </snapshot>
    <lastUpdated>20180605095646</lastUpdated>
    <snapshotVersions>
      <snapshotVersion>
        <extension>jar</extension>
        <value>2.0.1-20180605.095646-32</value>
        <updated>20180605095646</updated>
      </snapshotVersion>
      <snapshotVersion>
        <extension>pom</extension>
        <value>2.0.1-20180605.095646-32</value>
        <updated>20180605095646</updated>
      </snapshotVersion>
      <snapshotVersion>
        <classifier>sources</classifier>
        <extension>jar</extension>
        <value>2.0.1-20180605.095646-32</value>
        <updated>20180605095646</updated>
      </snapshotVersion>
    </snapshotVersions>
  </versioning>
</metadata>
