<?xml version="1.0" encoding="UTF-8"?>
<metadata modelVersion="1.1.0">
  <groupId>com.shsnc</groupId>
  <artifactId>base-mvn-parent</artifactId>
  <version>2.0.1-SNAPSHOT</version>
  <versioning>
    <snapshot>
      <timestamp>20180730.093522</timestamp>
      <buildNumber>5</buildNumber>
    </snapshot>
    <lastUpdated>20180730093522</lastUpdated>
    <snapshotVersions>
      <snapshotVersion>
        <extension>pom</extension>
        <value>2.0.1-20180730.093522-5</value>
        <updated>20180730093522</updated>
      </snapshotVersion>
    </snapshotVersions>
  </versioning>
</metadata>
