<?xml version="1.0" encoding="UTF-8"?>
<metadata modelVersion="1.1.0">
  <groupId>com.shsnc</groupId>
  <artifactId>base-api-core</artifactId>
  <version>1.2.1-SNAPSHOT</version>
  <versioning>
    <snapshot>
      <timestamp>20180527.023458</timestamp>
      <buildNumber>6</buildNumber>
    </snapshot>
    <lastUpdated>20180527023458</lastUpdated>
    <snapshotVersions>
      <snapshotVersion>
        <extension>jar</extension>
        <value>1.2.1-20180527.023458-6</value>
        <updated>20180527023458</updated>
      </snapshotVersion>
      <snapshotVersion>
        <extension>pom</extension>
        <value>1.2.1-20180527.023458-6</value>
        <updated>20180527023458</updated>
      </snapshotVersion>
      <snapshotVersion>
        <classifier>sources</classifier>
        <extension>jar</extension>
        <value>1.2.1-20180527.023458-6</value>
        <updated>20180527023458</updated>
      </snapshotVersion>
    </snapshotVersions>
  </versioning>
</metadata>
