<?xml version="1.0" encoding="UTF-8"?>
<metadata modelVersion="1.1.0">
  <groupId>com.shsnc</groupId>
  <artifactId>base-api-core</artifactId>
  <version>1.2.0-SNAPSHOT</version>
  <versioning>
    <snapshot>
      <timestamp>20180328.041619</timestamp>
      <buildNumber>39</buildNumber>
    </snapshot>
    <lastUpdated>20180328041619</lastUpdated>
    <snapshotVersions>
      <snapshotVersion>
        <extension>jar</extension>
        <value>1.2.0-20180328.041619-39</value>
        <updated>20180328041619</updated>
      </snapshotVersion>
      <snapshotVersion>
        <extension>pom</extension>
        <value>1.2.0-20180328.041619-39</value>
        <updated>20180328041619</updated>
      </snapshotVersion>
      <snapshotVersion>
        <classifier>sources</classifier>
        <extension>jar</extension>
        <value>1.2.0-20180328.041619-39</value>
        <updated>20180328041619</updated>
      </snapshotVersion>
    </snapshotVersions>
  </versioning>
</metadata>
