<?xml version="1.0" encoding="UTF-8"?>
<metadata>
  <groupId>com.shsnc</groupId>
  <artifactId>base-api-core</artifactId>
  <versioning>
    <latest>3.0.0-SNAPSHOT</latest>
    <release></release>
    <versions>
      <version>1.0.0-SNAPSHOT</version>
      <version>1.1.0-SNAPSHOT</version>
      <version>1.2.0-SNAPSHOT</version>
      <version>1.2.1-SNAPSHOT</version>
      <version>2.0.0-SNAPSHOT</version>
      <version>2.0.1-SNAPSHOT</version>
      <version>2.0.2-SNAPSHOT</version>
      <version>3.0.0-SNAPSHOT</version>
      <version>3.0.1-SNAPSHOT</version>
      <version>4.0.0-SNAPSHOT</version>
    </versions>
    <lastUpdated>20200712074731</lastUpdated>
  </versioning>
</metadata>
