<?xml version="1.0" encoding="UTF-8"?>
<metadata modelVersion="1.1.0">
  <groupId>com.shsnc</groupId>
  <artifactId>base-mvn-parent</artifactId>
  <version>4.0.0-SNAPSHOT</version>
  <versioning>
    <snapshot>
      <timestamp>20200623.050514</timestamp>
      <buildNumber>1</buildNumber>
    </snapshot>
    <lastUpdated>20200623050514</lastUpdated>
    <snapshotVersions>
      <snapshotVersion>
        <extension>pom</extension>
        <value>4.0.0-20200623.050514-1</value>
        <updated>20200623050514</updated>
      </snapshotVersion>
    </snapshotVersions>
  </versioning>
</metadata>
