<?xml version="1.0" encoding="UTF-8"?>
<metadata modelVersion="1.1.0">
  <groupId>com.shsnc</groupId>
  <artifactId>base-mvn-parent</artifactId>
  <version>1.0.0-SNAPSHOT</version>
  <versioning>
    <snapshot>
      <timestamp>20180730.093458</timestamp>
      <buildNumber>32</buildNumber>
    </snapshot>
    <lastUpdated>20180730093458</lastUpdated>
    <snapshotVersions>
      <snapshotVersion>
        <extension>pom</extension>
        <value>1.0.0-20180730.093458-32</value>
        <updated>20180730093458</updated>
      </snapshotVersion>
    </snapshotVersions>
  </versioning>
</metadata>
