<?xml version="1.0" encoding="UTF-8"?>
<metadata modelVersion="1.1.0">
  <groupId>com.shsnc</groupId>
  <artifactId>base-api-core</artifactId>
  <version>2.0.2-SNAPSHOT</version>
  <versioning>
    <snapshot>
      <timestamp>20190103.065620</timestamp>
      <buildNumber>2</buildNumber>
    </snapshot>
    <lastUpdated>20190103065620</lastUpdated>
    <snapshotVersions>
      <snapshotVersion>
        <extension>jar</extension>
        <value>2.0.2-20190103.065620-2</value>
        <updated>20190103065620</updated>
      </snapshotVersion>
      <snapshotVersion>
        <extension>pom</extension>
        <value>2.0.2-20190103.065620-2</value>
        <updated>20190103065620</updated>
      </snapshotVersion>
      <snapshotVersion>
        <classifier>sources</classifier>
        <extension>jar</extension>
        <value>2.0.2-20190103.065620-2</value>
        <updated>20190103065620</updated>
      </snapshotVersion>
    </snapshotVersions>
  </versioning>
</metadata>
